{
  "WaterTanks": [
    {
      "ID": "Water Tank",
      "positionInCircuit": 0,
      "position": [
        {
          "x": 0,
          "y": 0,
          "z": 0
        }
      ],
      "rotation": {
        "x": 0,
        "y": 0,
        "z": 270
      },
      "modelo": "WaterTank",
      "width": 0
    }
  ],
  "Elbows": [
    {
      "ID": "Elbow",
      "positionInCircuit": 2,
      "position": [
        {
          "x": -0.019999133422970772,
          "y": -2.019200325012207,
          "z": 0
        }
      ],
      "rotation": {
        "x": 0,
        "y": 180,
        "z": 269.9999694824219
      },
      "modelo": "CodoTuberia15",
      "width": 150
    }
  ],
  "Pipes": [
    {
      "ID": "Large Pipe",
      "positionInCircuit": 3,
      "position": [
        {
          "x": 0.14800095558166504,
          "y": -2.132200241088867,
          "z": -1.4901161193847656e-8
        },
        {
          "x": 1.8332011699676514,
          "y": -2.132199287414551,
          "z": -2.5331962660857243e-7
        }
      ],
      "rotation": {
        "x": 89.98021697998047,
        "y": 0.00002897803824453149,
        "z": 0
      },
      "modelo": "LargePipe",
      "width": 150,
      "height": 0.1648358255624771
    },
    {
      "ID": "Large Pipe",
      "positionInCircuit": 1,
      "position": [
        {
          "x": -0.02000001259148121,
          "y": -0.2550000548362732,
          "z": 0
        },
        {
          "x": -0.019999178126454353,
          "y": -1.9402002096176147,
          "z": 0
        }
      ],
      "rotation": {
        "x": 0,
        "y": 180,
        "z": 269.9999694824219
      },
      "modelo": "LargePipe",
      "width": 150,
      "height": 1.6814438104629517
    }
  ],
  "Reductors": [],
  "Valves": []
}