{"WaterTanks":[{"ID":"Water Tank","positionInCircuit":0,"position":[{"x":0.0,"y":0.0,"z":0.0}],"rotation":{"x":0.0,"y":0.0,"z":270.0},"modelo":"WaterTank","width":0.0}],"Elbows":[{"ID":"Elbow","positionInCircuit":3,"position":[{"x":-0.019999058917164804,"y":-2.1862001419067385,"z":-0.0019999875221401455}],"rotation":{"x":-0.000023905662601464428,"y":90.00001525878906,"z":270.0},"modelo":"CodoTuberia15(Clone)","width":150.0}],"Pipes":[{"ID":"Large Pipe","positionInCircuit":4,"position":[{"x":-0.01999897137284279,"y":-2.2992000579833986,"z":0.16600000858306886},{"x":-0.019998375326395036,"y":-2.2992000579833986,"z":1.8512005805969239}],"rotation":{"x":90.0,"y":270.0,"z":0.0},"modelo":"","width":150.0,"height":0.15676791965961457},{"ID":"Large Pipe","positionInCircuit":1,"position":[{"x":-0.02000001259148121,"y":-0.2550000548362732,"z":0.0},{"x":-0.019999178126454355,"y":-1.9402002096176148,"z":0.0}],"rotation":{"x":0.0,"y":180.0,"z":269.9999694824219},"modelo":"","width":150.0,"height":1.6814438104629517}],"Reductors":[],"Valves":[{"ID":"Valve","positionInCircuit":2,"position":[{"x":-0.019999125972390176,"y":-2.0312001705169679,"z":-0.028000004589557649}],"rotation":{"x":0.0,"y":180.0,"z":269.9999694824219},"modelo":"DN150_01(Clone)","width":150.0,"open":false}]}